symbol,name,address
USDT,Tether USD,0xdac17f958d2ee523a2206206994597c13d831ec7
WETH,Wrapped Ether,0xc02aaa39b223fe8d0a0e5c4f27ead9083c756cc2
USDC,USD//C,0xa0b86991c6218b36c1d19d4a2e9eb0ce3606eb48
MGC,More Gold Coin,0x174bfa6600bf90c885c7c01c7031389ed1461ab9
CARD,Gods Unchained Cards,0x0e3a2a1f2146d86a604adc220b4967a898d7fe07
LINK,ChainLink Token,0x514910771af9ca656af840dff83e8264ecf986ca
CARD,Gods Unchained Cards,0x629cdec6acc980ebeebea9e5003bcd44db9fc5ce
DAI,Dai Stablecoin,0x6b175474e89094c44da98b954eedeac495271d0f
LPT,Livepeer Token,0x58b6a8a3302369daec383334672404ee733ab239
CK,CryptoKitties,0x06012c8cf97bead5deae237070f9587f8e7a266d
coToken,coToken,0x03cb0021808442ad5efb61197966aef72a1def96
EOS,EOS,0x86fa049857e0209aa7d9e616f7eb3b3b78ecfdb0
DAI,Dai Stablecoin v1.0,0x89d24a6b4ccb1b6faa2625fe562bdd9a23260359
BNT,Bancor Network Token,0x1f573d6fb3f13d689ff844b4ce37794d79a7ff1c
LCS,Liberty Cash,0xe62e6e6c3b808faad3a54b226379466544d76ea4
PAX,Paxos Token,0x8e870d67f660d95d5be530380d0ec0bd388289e1
TRX,Tronix,0xf230b790e05390fc8295f4d3f60332c93bed42e2
OMG,OMGToken,0xd26114cd6ee289accf82350c8d8487fedb8a0c07
BAT,Basic Attention Token,0x0d8775f648430679a709e98d2b0cb6250d2887ef
CPCT,CpcToken,0x8fdcc30eda7e94f1c12ce0280df6cd531e8365c5
ETH,Ether Token,0xc0829421c1d260bd3cb3e0f06cfe2d52db2ce315
MSD,MSD,0xac08809df1048b82959d6251fbc9538920bed1fa
STORJ,StorjToken,0xb64ef51c888972c908cfacf59b47c1afbc0ab8ac
ANEX,BitAnex Coin,0xdc17e8a84fee8b52e4de7a85160f8cdbb3bb2494
ALC,Alchemy Coin,0x9e15f8ad98e95033c1d4798458cec34a4b5972b0
ZRX,0x Protocol Token,0xe41d2489571d322189246dafa5ebde1f4699f498
MXM,Maximine Coin,0x8e766f57f7d16ca50b4a0b90b88f6468a09b0439
ESCH$,Esch$Token,0xa821f14fb6394e82839f5161f214cacc90372453
SCC,SiaCashCoin,0x74fd51a98a4a1ecbef8cc43be801cce630e260bd
WUC,WorldUnitedCoins,0x9e9801bace260f58407c15e6e515c45918756e0f
PLANET,0xUniverse,0x06a6a7af298129e3a2ab396c9c06f91d3c54aba8
BRC,Baer Chain,0x21ab6c9fac80c59d401b37cb43f81ea9dde7fe34
UNI,Uniswap,0x1f9840a85d5af5bf1d1762f925bdaddc4201f984
NPXS,Pundi X Token,0xa15c7ebe1f07caf6bff097d8a589fb8ac49ae5b3
SUT,SUM TOKEN,0x0e50e6d6bb434938d8fe670a2d7a14cd128eb50f
HEX,HEX,0x2b591e99afe9f32eaa6214f7b7629768c40eeb39
ALC,Alchemy Coin,0xa3f440ef604a6380a030360f85bb0dedb6db5a85
KICK,KickToken,0xc12d1c73ee7dc3615ba4e37e4abfdbddfa38907e
HEALP,An Etheal Promo,0x7b2f9706cd8473b4f5b7758b0171a9933fc6c4d6
KNC,Kyber Network Crystal,0xdd974d5c2e2928dea5f71b9825b8b646686bd200
NEST,NEST,0x04abeda201850ac0124161f037efd70c74ddc74c
SUSHI,SushiToken,0x6b3595068778dd592e39a122f4f5a5cf09c90fe2
BEC,BeautyChain,0xc5d105e63711398af9bbff092d4b6769c82f793d
MNE,Minereum,0x426ca1ea2406c07d75db9585f22781c096e3d0e0
MNE,Minereum,0xc92e74b131d7b1d46e60e07f3fae5d8877dd03f0
SSN,SuperSkyNet,0xa5b46ff9a887180c8fb2d97146398ddfc5fef1cd
WENI,WENI,0x68e54af74b22acaccffa04ccaad13be16ed14eac
CHI,Chi Gastoken by 1inch,0x0000000000004946c0e9f43f4dee607b0ef1fa1c
FOB,flamingostar,0xb64ffdca47d6c3895608c4e05faba6e617b3a031
SBC,SBToken,0xcadb96858fe496bb6309622f9023ba2defb5d540
POCC,POCC,0x912656188616e0184e3181f019022990a63280b1
ENJ,Enjin Coin,0xf629cbd94d3791c9250152bd8dfbdf380e2a3b9c
MKR,Maker,0x9f8f72aa9304c8b593d555f12ef6589cc3a579a2
GNT,Golem Network Token,0xa74476443119a942de498590fe1f2454d7d4ac0d
VIU,VIU,0x519475b31653e46d20cd09f9fdcf3b12bdacb4f5
ATB,ATB Banknote,0xbc4162d53f945266684f4e5e48d545f206bc1ca5
TUSD,TrueUSD,0x0000000000085d4780b73119b644ae5ecd22b376
SNT,Status Network Token,0x744d70fdbe2ba4cf95131626614a1763df805b9e
Fus,Fus,0x573aaaa81154cd24e96f0cb97fd86110b8f6767f
BNB,BNB,0xb8c77482e45f1f44de1745f52c74426c631bdd52
TEP,Tepleton,0xd7cc16500d0b0ac3d0ba156a584865a43b0b0050
5GH,5GH,0x62b9f8741bf53a6986a5411c0557c30f6f11f3af
KICK,KickCoin,0x27695e09149adc738a978e9a678f99e4c39e9eb9
COMP,Compound,0xc00e94cb662c3520282e6f5717214004a7f26888
WBTC,Wrapped BTC,0x2260fac5e5542a773aa44fbcfedf7c193bc2c599
YTL,YottaLing,0x7c5cb1220bd293ff9cf903915732e51a71292038
GEC,Green (China) ecosystem,0x9dffe202df7f82ba57a7f8d571628805eff7fed9
YFI,yearn.finance,0x0bc529c00c6401aef6d220be8c6ea1667f6ad93e
DAB,DABANKING,0x5e7ebea68ab05198f771d77a875480314f1d0aae
LEND,EthLend Token,0x80fb784b7ed66730e8b1dbd9820afd29931aab03
XNN,XENON,0xab95e915c123fded5bdfb6325e35ef5515f1ea69
ENS,ENS,0x57f1887a8bf19b14fc0df6fd9b2acc9af147ea85
POC,Power Candy,0xc9c4d9ec2b44b241361707679d3db0876ac10ca6
MAVRO,Mavrodi,0x0d152b9ee87ebae179f64c067a966dd716c50742
NEP,NePay,0x1f0480a66883de97d2b054929252aae8f664c15c
MCAP,MCAP,0x93e682107d1e9defb0b5ee701c71707a4b2e46bc
SCF,SCF Token,0xd3ebdaea9aeac98de723f640bce4aa07e2e44192
IG,IG,0x8a88f04e0c905054d2f33b26bb3a46d7091a039a
AXIE,Axie,0xf5b0a3efb8e8e4c201e2a935f110eaaf3ffecb8d
MIP,MIP TOKEN,0x9b209d0df02c25fa7570c28c2add15225c3536ac
MANA,Decentraland MANA,0x0f5d2fb29fb7d3cfee444a200298f468908cc942
MYC,Mycion,0xe1ac9eb7cddabfd9e5ca49c23bd521afcdf8be49
TT,Tellor Tributes,0x0ba45a8b5d5575935b8158a88c631e9f9c95a2e5
FDS,FairDollars,0x931abd3732f7eada74190c8f89b46f8ba7103d54
BEC,BeautyChain,0x3495ffcee09012ab7d827abf3e3b3ae428a38443
AMPL,Ampleforth,0xd46ba6d942050d489dbd938a2c909a5d5039a161
HDS,HotDollars Token,0xcafe27178308351a12fffffdeb161d9d730da082
TUC,Tuzy Coin,0x5da8d37485b4374fc338fc1f1ea31d07eb7bedd3
CVC,Civic,0x41e5560054824ea6b0732e656e3ad64e20e94e45
TEP,Tepleton,0x2e65e12b5f0fd1d58738c6f38da7d57f5f183d1c
TSR,Tesra AI Supernet,0x58959e0c71080434f237bd42d07cd84b74cef438
BFX,BFX,0xbc2faad1ec407571249b0e874a9abd840111389b
SWAT,SWTCoin,0xc0f1728d9513efc316d0e93a0758c992f88b0809
DATA,Streamr DATAcoin,0x0cf0ee63788a0849fe5297f3407f701e122cc023
GSE,GSENetwork,0xe530441f4f73bdb6dc2fa5af7c3fc5fd551ec838
FUN,FunFair,0x419d0d8bdd9af5e606ae2232ed285aff190e711b
GODS,Gods Unchained,0x6ebeaf8e8e946f0716e6533a6f2cefc83f60e8ab
HHH,Healthy Happy Harmony,0x686b30a80826340a59afa564c2a01b79128eb7dd
blockwell.ai KYC Casper Token,blockwell.ai KYC Casper Token,0x212d95fccdf0366343350f486bda1ceafc0c2d63
OCN,OCoin,0x4092678e4e78230f46a1534c0fbc8fa39780892b
HYN,Hyperion Token,0xe99a894a69d7c2e3c92e61b64c505a6a57d2bc07
CARD,Gods Unchained Cards,0x564cb55c655f727b61d9baf258b547ca04e9e548
MMTN,Mobile Mining Token,0x4d58b1e8007078ecc6eaf6df7527b64e46831d23
ET,EXX Token,0x7a271d1df2c3f2fef734611c6c7ee6b9b8439204
YB,YB,0xc4131c1893576e078a0b637b653f3e6a18e137ac
Dozer,DozerDoll,0xbd13e53255ef917da7557db1b7d2d5c38a2efe24
IOV,CarLive Chain,0x0e69d0a2bbb30abcb7e5cfea0e4fde19c00a8d47
MST,-,0xa68920f6d3c996ac3c232e4e93914e9d76150735
PAY,TenX Pay Token,0xb97048628db6b661d4c2aa833e95dbe1a905b280
SNX,Synthetix Network Token,0xc011a73ee8576fb46f5e1c5751ca3b9fe0af2a6f
USDA,USDA,0x3c7b464376db7c9927930cf50eefdea2eff3a66a
CR,Codex Record,0x8853b05833029e3cf8d3cbb592f9784fa43d2a79
AIRDROP,AirdropToken,0xba7435a4b4c747e0101780073eeda872a69bdcd4
LRC,Loopring,0xef68e7c694f40c8202821edf525de3782458639f
POWR,PowerLedger,0x595832f8fc6bf59c85c527fec3740a1b7a361269
DDAM,DDAM,0xd5dc8921a5c58fb0eba6db6b40eab40283dc3c01
KIN,Kin,0x818fc6c2ec5986bc6e2cbf00939d90556ab12ce5
REN,Republic Token,0x408e41876cccdc0f92210600ef50372656052a38
CRV,Curve DAO Token,0xd533a949740bb3306d119cc777fa900ba034cd52
SALT,Salt,0x4156d3342d5c385a87d264f90653733592000581
CODX,CodexCoin,0xf226e38c3007b3d974fc79bcf5a77750035436ee
MCO,Monaco,0xb63b606ac810a52cca15e44bb630fd42d8d1d83d
EGT,Egretia,0x8e1b448ec7adfc7fa35fc2e885678bd323176e34
VIN,VIN,0xf3e014fe81267870624132ef3a646b8e83853a96
ELF,ELF Token,0xbf2179859fc6d5bee9bf9158632dc51678a4100e
ASKT,AskChain Token,0x1f28f618a2b4e1882ed062db9a4f6298f125e4b8
VNDC,VNDC,0x1f3f677ecc58f6a1f9e2cf410df4776a8546b5de
LAMB,Lambda,0x8971f9fd7196e5cee2c1032b50f656855af7dd26
Voken,Vision.Network 100G Token,0x82070415fee803f94ce5617be1878503e58f0a6a
MLBCB,LucidSight-MLB-NFT,0x8c9b261faef3b3c2e64ab5e58e04615f8c788099
sUSD,Synth sUSD,0x57ab1ec28d129707052df4df418d58a2d46d5f51
YFV,YFValue,0x45f24baeef268bb6d63aee5129015d69702bcdfa
HT,HuobiToken,0x6f259637dcd74c767781e37bc6133cd6a68aa161
YTA,YottaCoin,0x5edc1a266e8b2c5e8086d373725df0690af7e3ea
EA,ethairdrop.io,0x3f5fa71ea48ae374faae502afa2e27715484c3b7
BTMC,MinerCoin,0x4a8f44be523580a11cdb20e2c7c470adf44ec9bb
AMB,Amber Token,0x4dc3643dbc642b72c158e7f3d2ff232df61cb6ce
HTY,Hyper Technology,0xc45ba8f03ac63e4505ac5eed4985fb4e5e94383a
PFC,Power Fans ERC20 Token,0xa37d94e80eab7a5bcb6d2e76b7666e341e4b58f6
UBNK,UBNK,0x457476bc97adef10aba63fcadaefe503553fa0d2
BAL,Balancer,0xba100000625a3754423978a60c9317c58a424e3d
REP,Reputation,0x1985365e9f78359a9b6ad760e32412f4a445e862
CRU,CRU,0x527b9715d99acfb7e1b01c6c864dc8402f2a3c3b
NEXO,Nexo,0xb62132e35a6c13ee1ee0f84dc5d40bad8d815206
ZIL,Zilliqa,0x05f4a42e251f2d52b8ed15e9fedaacfcef1fad27
POLY,Polymath,0x9992ec3cf6a55b00978cddf2b27bc6882d88d1ec
GA,GA_chain,0xd77bcd9cf4212a41defbcd2e2ff0f50fea2be643
CANDY,CandyHCoin,0x45555629aabfea138ead1c1e5f2ac3cce2add830
GTL,Golden Time of Life,0xaafd35ddb9189995937a2862e8ff17519f5aae78
yDAI+yUSDC+yUSDT+yTUSD,Curve.fi yDAI/yUSDC/yUSDT/yTUSD,0xdf5e0e81dff6faf3a7e52ba697820c5e32d806a8
PCPT,PCPToken,0x5b8174e20996ec743f01d3b55a35dd376429c596
MXM,Maximine Coin,0x6a750d255416483bec1a31ca7050c6dac4263b57
HOT,HoloToken,0x6c6ee5e31d828de241282b9606c8e98ea48526e2
DROP,Dropil,0x4672bad527107471cb5067a887f4656d585a8a31
VEN,VeChain Token,0xd850942ef8811f2a866692a623011bde52a462c1
cUSDC,Compound USD Coin,0x39aa39c021dfbae8fac545936693ac917d5e7563
EBK,Ebakus,0xbddab785b306bcd9fb056da189615cc8ece1d823
CRO,CRO,0xa0b73e1ff0b80914ab6fe0444e65848c4c34450b
vb,video blog,0xd736915f7d9f70a0f1837f90aa7b437264c20dc0
XSR,xensor,0x6bc1f3a1ae56231dbb64d3e82e070857eae86045
BCAC,BCAChain Initial Token,0xe36df5bb57e80629cfc28a31e5f794071c085eca
Veros,Veros,0xedbaf3c5100302dcdda53269322f3730b1f0416d
UBT,UniBright,0x8400d94a5cb0fa0d041a3788e395285d61c9ee5e
SCC,Sea Cucumber Chain,0xe6b75a1960f91bfa7010dec8543685ead67f8cff
PETH,Pooled Ether,0xf53ad2c6851052a81b42133467480961b2321c09
DENT,DENT,0x3597bfd533a99c9aa083587b074434e61eb0a258
NOAH,NOAHCOIN,0x58a4884182d9e835597f405e5f258290e46ae7c2
ICBB,Internet Cashowbiz,0xfc87d4f82fc5fe80a2d1692ffee872b2517c34c7
EMPR,empowr,0xe7d7b37e72510309db27c460378f957b1b04bd5d
GSGC,GSG coin,0x151bc71a40c56c7cb3317d86996fd0b4ff9bd907
RSR,Reserve Rights,0x8762db106b2c2a0bccb3a80d1ed41273552616e8
UCASH,UCASH,0x92e52a1a235d9a103d970901066ce910aacefd37
FNK,FunKoin,0x816051e2203ca534c4336d8d6df71987fa3ae0bd
AZ,Azbit,0x77fe30b2cf39245267c0a5084b66a560f1cf9e1f
SLP,Small Love Potion,0x37236cd05b34cc79d3715af2383e96dd7443dcf1
EMCO,EmcoToken,0xd97e471695f73d8186deabc1ab5b8765e667cd96
PPT,Populous Platform,0xd4fa1460f537bb9085d22c7bccb5dd450ef28e3a
PMOD,Promodl,0xaf47ebbd460f21c2b3262726572ca8812d7143b0
DTA,Data Token,0x69b148395ce0015c13e36bffbad63f49ef874e03
VIDY,VidyCoin,0xc77b230f31b517f1ef362e59c173c2be6540b5e8
ODF,Omniscience Dedication Financial,0xab4e1802c61e12fd7b10a69a226f5d727c76a8aa
CPTLX,Capital Coin Extended,0x504b60a4133699c7056b58d3fe11ea73865a2d65
BITE,Bitcoin EOS,0x1530df3e1c69501d4ecb7e58eb045b90de158873
REQ,Request Token,0x8f8221afbb33998d8584a2b05749ba73c37a938a
WIB,WIBSON,0x3f17dd476faf0a4855572f0b6ed5115d9bba22ad
GTO,Gifto,0xc5bbae50781be1669306b9e001eff57a2957b09d
BTCM,Bitcoinereum,0x03df4c372a29376d2c8df33a1b5f001cd8d68b0e
BCLS,Block Chain Little Sister,0x3616fd03f11e22942e4fc01cdd0f1ca7cc7bb93d
QTUM,Qtum,0x9a642d6b3368ddc662ca244badf32cda716005bc
ECT,EC-Token,0xbcc394d45c3613530a83cae62c716dc23b7f2152
KBC,KaratBank Coin,0xf3586684107ce0859c44aa2b2e0fb8cd8731a15a
ANT,Aragon Network Token,0x960b236a07cf122663c4303350609a66a7b288c0
HTI,Hybrid Token International,0x4331e8d6358097ed9d253e6e3e6ccd93fe5960a4
CEL,Celsius,0xaaaebe6fe48e54f431b0c390cfaf0b017d09d42d
TNT,Tierion Network Token,0x08f5a9235b08173b7569f83645d2c7fb55e8ccd8
YUN,Yun Planet,0x02b3c88b805f1c6982e38ea1d40a1d83f159c3d4
IT,IDAX Token,0xbf5f8bfcee9502a30018d91c63eca66980e6e9bb
CPTL,Capital Coin,0xda605fd5e003e6de0f33f6474080623fa6483e3e
PICKLE,PickleToken,0x429881672b9ae42b8eba0e26cd9c73711b891ca5
MOF,Molecular Future,0x653430560be843c4a3d143d0110e896c2ab8ac0d
STORM,Storm Token,0xd0a4b8946cb52f0661273bfbc6fd0e0c75fc6433
NMR,Numeraire,0x1776e1f26f98b1a5df9cd347953a26dd3cb46671
BTM,Bytom,0xcb97e65f07da24d46bcdd078ebebd7c6e6e3d750
RLC,iEx.ec Network Token,0x607f4c5bb672230e8672085532f7e901544a7375
AE,Aeternity,0x5ca9a71b1d01849c0a95490cc00559717fcf0d1d
ORME,Ormeus Coin,0x516e5436bafdc11083654de7bb9b95382d08d5de
RFR,Refereum,0xd0929d411954c47438dc1d871dd6081f5c5e149c
SEN,SchrodingerEquationNet,0xbd65f6f9f9f87af2a677709e132debc3f242671d
IOST,IOSToken,0xfa1a856cfa3409cfa145fa4e20eb270df3eb21ab
CAT,BitClave,0x1234567461d3f8db7496581774bd869c83d51c93
RIDE,RideNode,0x1d6364000dcae6c800aff1a7086a2cd7c56f88c1
ENU,Enumivo,0x275b69aa7c8c1d648a0557656bce1c286e69a29d
FRES,FRESCO,0x351d5ea36941861d0c03fdfb24a8c2cb106e068b
STT,Scatter.cx,0xac9bb427953ac7fddc562adca86cf42d988047fd
DRGN,Dragon,0x419c4db4b9e25d6db2ad9691ccb832c8d9fda05e
FARM,FARM Reward Token,0xa0246c9032bc3a600820415ae600c6388619a14d
WBX,WiBX Utility Token,0xbb97e381f1d1e94ffa2a5844f6875e6146981009
0xBTC,0xBitcoin Token,0xb6ed7644c69416d67b522e20bc294a9a9b405b31
E2C,Electronic Energy Coin,0x08ceed1e8db59acbb687a5752f0a7db815cfda5e
LRC,LoopringCoin V2,0xbbbbca6a901c926f240b89eacb641d8aec7aeafd
DNT,district0x Network Token,0x0abdace70d3790235af448c88547603b945604ea
Wdc,Wisdom chain,0x8912358d977e123b51ecad1ffa0cc4a7e32ff774
VALUE,Value Liquidity,0x49e833337ece7afe375e44f4e3e8481029218e5c
SXP,Swipe,0x8ce9137d39326ad0cd6491fb5cc0cba0e089b6a9
CORE,cVault.finance,0x62359ed7505efc61ff1d56fef82158ccaffa23d7
BUX,Buytex,0x12d79c345cac7b050a5ff0797b5a607e254c73f5
TOS,ThingsOpreatingSystem,0xfb5a551374b656c6e39787b1d3a03feab7f3a98e
BULLEON PROMO,Bulleon Promo Token,0xd4de05944572d142fbf70f3f010891a35ac15188
SINOC,Sinoc,0xcba8162778e6a3eba60e1cf7c012b327340bd05d
OPTC,OPTICAL NETWORK,0x3cc83c2400e00a54fa1e588d62bc28bf15d5def5
PNT,Penta Network Token,0x53066cddbc0099eb6c96785d9b3df2aaeede5da3
Only,OnlyChain,0x9eec65e5b998db6845321baa915ec3338b1a469b
YFII,YFII.finance,0xa1d0e215a23d7030842fc67ce582a6afa3ccab83
nCash,NucleusVision,0x809826cceab68c387726af962713b64cb5cb3cca
DACC,Decentralized Accessible Content Chain,0xf8c595d070d104377f58715ce2e6c93e49a87f3c
CREAM,Cream,0x2ba592f78db6436527729929aaf6c908497cb200
VERI,Veritaseum,0x8f3470a7388c05ee4e7af3d01d8c722b0ff52374
DSCB,DataShieldCoinBank,0x42f1d3380cc1526eb182343dc3bdd970ce664322
POGO1,TEST POGO 1,0x47a16e51bcc89c0015622fe83eb482a4522f6c5c
SOP,SoPay,0x076641af1b8f06b7f8c92587156143c109002cbe
nUSD,Nomin USD,0x57ab1e02fee23774580c119740129eac7081e9d3
MTL,Metal,0xf433089366899d83a9f26a773d59ec7ecf30355e
LOVC,Love Wine Coin,0x49592d97be49033615a7fbc02c6853e4c58eb9bc
MT,MT Token,0x9b4e2b4b13d125238aa0480dd42b4f6fc71b37cc
LOOM,LoomToken,0xa4e8c3ec456107ea67d3075bf9e3df3a75823db0
POCT,ProofOfContributionToken,0x966daed1348fbd894bb6c404d9cddf78a9932913
BC,BlockchainCuties,0xd73be539d6b2076bab83ca6ba62dfe189abc6bbe
AO,Aurum0x  Protocol,0xd2299b3098cf5e13144caebfdad61ebe505233dc
XYO,XY Oracle,0x55296f69f40ea6d20e478533c15a6b08b654e758
WTC,Walton Token,0xb7cb1c96db6b22b0d3d9536e0108d062bd488f74
KAR,Karl Benz,0xd9e24d0f97ab29d23734d5122f87e333a371321b
٨,Dentacoin,0x08d32b0da63e2c3bcf8019c9c5d849d7a9d791e6
FACC,FOR Agriculture Coin,0xa720911a58d948fc9328560aecfc51e907404fc4
WIN,WinCoin,0x65c0469fa7a3ceb8130598e90f5f76c11b7e51aa
AVINOC,AVINOC Token,0xf1ca9cb74685755965c7458528a36934df52a3ef
BAND,BandToken,0xba11d00c5f74255f56a5e366f4f77f5a186d7f55
BRM,BrahmaOS,0xd7732e3783b0047aa251928960063f863ad022d8
iDAG,iDAG SPACE,0xb68042de5b3da08a80c20d29aefab999d0848385
XCEL,XCELTOKEN,0xf6276830c265a779a2225b9d2fcbab790cbeb92b
ABT,American Bank Token,0x1a77cc30e8d7cb528520cda6b29279e7d859896a
NIOX,NIOX,0xe6aaceda7d6bc119df866f8b5228073d9a992734
LUA,LuaToken,0xb1f66997a5760428d3a87d68b90bfe0ae64121cc
CRPT,CrypteriumToken,0x80a7e048f37a50500351c204cb407766fa3bae7f
RCN,Ripio Credit Network Token,0xf970b8e36e23f7fc3fd752eea86f8be8d83375a6
PLAY,Herocoin,0xe477292f1b3268687a29376116b0ed27a9c76170
cDAI,Compound Dai,0x5d3a536e4d6dbd6114cc1ead35777bab948e3643
SOR,Sorare,0x629a673a8242c2ac4b7b8c5d8735fbeac21a6205
MFT,Mainframe Token,0xdf2c7238198ad8b389666574f2d8bc411a4b7428
VIDT,V-ID Token,0x445f51299ef3307dbd75036dd896565f5b4bf7a5
CPOS,CoinPOS,0x3b8a1122316a9520b4ffe867f56a130c1524a64f
UD,.crypto,0xd1e5b0ff1287aa9f9a268759062e4ab08b9dacbe
TMTG,The Midas Touch Gold,0x10086399dd8c1e3de736724af52587a2044c9fa2
MMT,Master Mix Token,0x6ef77d991eb5306e9f235abc0cc65925da398ad0
REP,Reputation,0xe94327d07fc17907b4db788e5adf2ed424addff6
SKW,SKW,0x007ac2f589eb9d4fe1cea9f46b5f4f52dab73dd4
ICST,Individual Content ,0xe6bc60a00b81c7f3cbc8f4ef3b0a6805b6851753
FTcoin,Fund Token Coin,0x2b7922fdf76fb3466902c7b702a20ea6a450a0a0
CHZ,chiliZ,0x3506424f91fd33084466f402d5d97f05f8e3b4af
GCC,GameCell,0x8bcb64bfda77905398b67af0af084c744e777a20
KP3R,Keep3rV1,0x1ceb5cb57c4d4e2b2433641b95dd330a33185a44
ZTH,Zethr,0xd48b633045af65ff636f3c6edd744748351e020d
IOTX,IoTeX Network,0x6fb3e0a217407efff7ca062d46c26e5d60a14d69
MNC,MainCoin,0x9f0f1be08591ab7d990faf910b38ed5d60e4d5bf
ROT,RottenToken,0xd04785c4d8195e4a54d9dec3a9043872875ae9e2
ONOT,ONOT,0xb31c219959e06f9afbeb36b388a4bad13e802725
DEGO,dego.finance,0x88ef27e69108b2633f8e1c184cc37940a075cc02
cUSD,cUSD Currency,0x5c406d99e04b8494dc253fcc52943ef82bca7d75
C1ORP,Crowd1 Owner Rights Pioneer,0xb1656c8fe15b1ac60760777a8e45f5d7cd1d24ec
B91,B91Token,0x1519aff03b3e23722511d2576c769a77baf09580
MATIC,Matic Token,0x7d1afa7b718fb893db30a3abc0cfc608aacfebb0
HAV,Havven,0xc011a72400e58ecd99ee497cf89e3775d4bd732f
LBA,LibraToken,0xfe5f141bf94fe84bc28ded0ab966c16b17490657
MITx,Morpheus Infrastructure Token,0x4a527d8fc13c5203ab24ba0944f4cb14658d1db6
BFC,Bit Financial,0x4d31200e6d7854c2f664af7fc38a21600960f74d
HNW,Hurricane Network,0x1c040c4ab9acce984d0d4c135576598013950e52
AKRO,Akropolis,0x8ab7404063ec4dbcfd4598215992dc3f8ec853d7
MAGGOT,MaggotToken,0x163c754ef4d9c03fc7fa9cf6dd43bfc760e6ce89
ALC,Alchemy Coin,0x1953da0e7087ca94fa3bc467fb3599c9285a3b47
DRCT,DRC Token,0x91cdb5bb5969bfed2373e97378354052bbc606f2
LXT,LiteXToken,0xbc46d9961a3932f7d6b64abfdec80c1816c4b835
KEY,KEY,0x4cd988afbad37289baaf53c13e98e2bd46aaea8c
SFR,SunflowerToken,0x8ab98c28295ea3bd2db6ac8b3ca57a625c054bd1
BCV,BitCapitalVendorToken,0x1014613e2b3cbc4d575054d4982e580d9b99d7b1
AAVE,Aave Token,0x7fc66500c84a76ad7e9c93437bfc5ac33e2ddae9
XMX,XMAX,0x0f8c45b896784a1e408526b9300519ef8660209c
CMT,CyberMiles Token,0xf85feea2fdd81d51177f6b8f35f0e6734ce45f5f
DCNT,DECENTURION,0x001575786dfa7b9d9d1324ec308785738f80a951
BQ,bitqy,0xf0f8b0b8dbb1124261fc8d778e2287e3fd2cf4f5
NYBC,NYBCoin,0x041fe8df8b4aaa868941eb877952f17babe57da5
AOA,Aurora,0x9ab165d795019b6d8b3e971dda91071421305e5a
mUSD,mStable USD,0xe2f2a5c287993345a840db3b0845fbc70f5935a5
FTI,FTI,0x943ed852dadb5c3938ecdc6883718df8142de4c8
SRN,SIRIN,0x68d57c9a1c35f63e2c83ee8e49a64e9d70528d25
SWAP,TrustSwap Token,0xcc4304a31d09258b0029ea7fe63d032f52e44efe
DMG,DMM: Governance,0xed91879919b71bb6905f23af0a68d231ecf87b14
GNO,Gnosis Token,0x6810e776880c02933d47db1b9fc05908e5386b96
DGTX,DigitexFutures,0x1c83501478f1320977047008496dacbd60bb15ef
QNT,Quant,0x4a220e6096b25eadb88358cb44068a3248254675
FDG,Future Digital Games,0xa1b19bcd50a24be0cb399c1ec0f7ca546b94a2b0
QSP,Quantstamp Token,0x99ea4db9ee77acd40b119bd1dc4e33e1c070b80d
IFOOD,Ifoods Token,0x81e74a3ea4bab2277aa3b941e9d9f37b08ac5374
SHE,shinechain,0x9064c91e51d7021a85ad96817e1432abf6624470
BOBx,Free BOB Tokens ,0xd3ace836e47f7cf4948dffd8ca2937494c52580c
CND,Cindicator Token,0xd4c435f5b09f855c3317c8524cb1f586e42795fa
ETHOS,Ethos,0x5af2be193a6abca9c8817001f45744777db30756
OCC1,olefincash,0x5c2c629feefcc07b338e97e39c73d2db33a85548
KCASH,Kcash,0x32d74896f05204d1b6ae7b0a3cebd7fc0cd8f9c7
DST,DragonSeriesToken,0xc5807256e2e2fe85ca94c3617c4bc5ff2bd9cfb6
VRT,VRT CHAIN TOKEN,0x891f460176f180836f53b729ffb27cfcc7d74d71
PLR,PILLAR,0xe3818504c1b32bf1557b16c238b2e01fd3149c17
BAX,BAX,0x9a0242b7a33dacbe40edb927834f96eb39f8fbcb
THETA,Theta Token,0x3883f5e181fccaf8410fa61e12b59bad963fb645
BFV,Betriebs Fuehrungs Vorfeldrechner,0xd2502768fb84b1e543daafcef5ccee39011b6cb4
MUSE,Muse,0xb6ca7399b4f9ca56fc27cbff44f4d2e4eef1fc81
OLE,Olive,0x9d9223436ddd466fc247e9dbbd20207e640fef58
PRIA,PRIA,0xb9871cb10738eada636432e86fc0cb920dc3de24
TELE,MiracleTele,0xb363a3c584b1f379c79fbf09df015da5529d4dac
QMQ,QMQCoin,0x4cc29dd2b01a3e0ed005c6e2deb5b3666e4c240c
WPR,WePower Token,0x4cf488387f035ff08c371515562cba712f9015d4
MRO,Mero Currency,0x6ff313fb38d53d7a458860b1bf7512f54a03e968
LYM,Lympo tokens,0x57ad67acf9bf015e4820fbd66ea1a21bed8852ec
WAX,Wax Token,0x39bb259f66e1c59d5abef88375979b4d20d98022
COMC,Community Chain,0xa5e99ad202bdd71d3518306cf4dd163261981af1
EMCO,EmcoToken,0x9a07fd8a116b7e3be9e6185861496af7a2041460
OEC,Our Earth Coin,0x31ed1bc96fa75ee33d513a0cef4b65c2500b320b
cETH,Compound Ether,0x4ddc2d193948926d02f9b1fe9e1daa0718270ed5
PTT,Proton Token,0x4689a4e169eb39cc9078c0940e21ff1aa8a39b9c
GDC,GDC Coin,0x6267873a5a0a1647a8fbb25541605a0815e04d74
SCH,Sachio,0xf34839b310097fcb4cf3a302dda8cc9b57501083
STA,Statera,0xa7de087329bfcda5639247f96140f9dabe3deed1
MAN,MATRIX AI Network,0xe25bcec5d3801ce3a794079bf94adf1b8ccd802d
BULLEON-X,Bulleon Promo Token,0x4f4d22ca77222ae3d51e308c9a8f0e564f98e77a
RCT,realchain token,0x13f25cd52b21650caa8225c9942337d914c9b030
ENG,Enigma,0xf0ee6b27b759c9893ce4f094b49ad28fd15a23e4
MRBLNFT,MARBLE-NFT,0x1d963688fe2209a98db35c67a041524822cf04ff
CRE,CarryToken,0x115ec79f1de567ec68b7ae7eda501b406626478e
STAKE,STAKE,0x0ae055097c6d159879521c384f1d2123d1f195e6
ELEC,ElectrifyAsia,0xd49ff13661451313ca1553fd6954bd1d9b6e02b9
MGP,MangoChain,0x8a845fc339ceb022a695281554890429a34df120
SOS,SOS Token,0x7d3b3b1aef60bf891bc2ad3c202f791707f0645c
GEMC,GEMC,0x3b0b89bc54ecfc0c96ae8a99dc3ac54321b7162c
INS,INS Token,0x5b2e4a700dfbc560061e957edec8f6eeeb74a320
OPL,OmegaProtocol,0x3520ba6a529b2504a28eebda47d255db73966694
BTCG,BitcoinGalaxy,0xcde3ef6cacf84ad36d8a6eccc964f25351296d36
QKC,QuarkChain Token,0xea26c4ac16d4a5a106820bc8aee85fd0b7b2b664
CNN,CNN Token,0x8713d26637cf49e1b6b4a7ce57106aabc9325343
BOT,Bounce Token,0x5beabaebb3146685dd74176f68a0721f91297d37
CSM,Consentium Coin,0xd8698a985b89650d0a70f99ad2909bd0c0b4b51c
PAI,PCHAIN,0xb9bb08ab7e9fa0a1356bd4a39ec0ca267e03b0b3
LON,Tokenlon,0x0000000000095413afc295d19edeb1ad7b71c952
PYRO,PYRO Network,0x14409b0fc5c7f87b5dad20754fe22d29a3de8217
XDCE,XinFin XDCE,0x41ab1b6fcbb2fa9dced81acbdec13ea6315f2bf2
BUSD,Binance USD,0x4fabb145d64652a948d72533023f6e7a623c7c53
SDA,Six Domain Asset,0x4212fea9fec90236ecc51e41e2096b16ceb84555
KIMCHI,KIMCHI.finance,0x1e18821e69b9faa8e6e75dffe54e7e25754beda0
WOR,World Robot,0xe963b0fa93f48c3be91871f8ab6452a446bca7e4
UCT,UnityChainToken,0x949bd9e6031a3d43623fec3f85e9adbf8a6d9f7a
NEAL,Coineal Token,0xacce88f5a63a5e65db9aa7303720be16b556e751
SPN,SPN Token,0x67bc56caad630dc1719b14a540adc8e9968325c3
EAGC,EthereumAlmightyGoldCoin,0xba08efcc14f24ef2c4f7a7e95c75d5f7970149dd
ENSA,Energy Saving Chain,0x4e1945d8a75092923f39d4e332d8f3cb0afaeb51
EMO,EMO tokens,0xd037a81b22e7f814bc6f87d50e5bd67d8c329fa2
QPY,QPay,0x6911270d4bc1915744aedd785d41d44f47245bd0
EKT,EKT,0x4ecdb6385f3db3847f9c4a9bf3f9917bb27a5452
Drink,DrinkChain,0x0089659f609933d16a5cd6c2be1a5dca1abe24ad
DIA,DIAToken,0x84ca8bc7997272c7cfb4d0cd3d55cd942b3c9419
BTE,BTEcoin,0xfd62247943f94c3910a4922af2c62c2d3fac2a8f
IDA,IDA,0x4b5bc97407898339eca79b541cee9b8b79ccda40
https://safe.ad,HTTPS://SAFE.AD ,0x31a240648e2baf4f9f17225987f6f53fceb1699a
BZRX,bZx Protocol Token,0x56d811088235f11c8920698a204a5010a788f4b3
XBD,Bit Dinero,0xf1def7f0e620f39531eb352fe13da6825218e7df
AI,PolyAi,0x5121e348e897daef1eef23959ab290e5557cf274
FCS,Five Color Stone,0xd56c90a1b12c93bb48e9a0904a2a1e1d9dcb5161
CON,CONUN,0x4dd672e77c795844fe3a464ef8ef0faae617c8fb
CPTL,Capital Coin,0x115e29615d1c10c8ddf826e4faec64ef6c1e3357
EURS,STASIS EURS Token,0xdb25f211ab05b1c97d595516f45794528a807ad8
QTC,Qitcoin,0x923c90b98ee834d118c85ddf44906ee1769df648
ANKR,Ankr Network,0x8290333cef9e6d528dd5618fb97a76f268f3edd4
STQ,Storiqa Token,0x5c3a228510d246b78a3765c20221cbf3082b44a4
ADX,AdEx,0x4470bb87d77b963a013db939be332f927f2b992e
CTN,Crypton,0x1a94fce7ef36bc90959e206ba569a12afbc91ca1
XAZ,AIzen,0xab22fd25ddbbb9c3d2c2ced0fd20e3f2bbb932bc
PLA,PLA Token,0x5f5b176553e51171826d1a62e540bc30422c7717
OCEAN,Ocean Token,0x967da4048cd07ab37855c090aaf366e4ce1b9f48
eosDAC,eosDAC Community Owned EOS Block Producer ERC20 Tokens,0x7e9e431a0b8c4d532c745b1043c7fa29a48d4fba
PEW,BroFistCoin,0xa701122c1b67220a8b6883d03c8ad67896b12466
PXS,Pundi X Token,0x358d12436080a01a16f711014610f8a4c2c2d233
HER,HeroNodeToken,0x491c9a23db85623eed455a8efdd6aba9b911c5df
EDG,Edgeless,0x08711d3b02c8758f2fb3ab4e80228418a7f8e39c
ICN,ICONOMI,0x888666ca69e0f178ded6d75b5726cee99a87d698
UENC,UniversalEnergyChain,0xb3dd5dce850dca7519e74a943568b69f958df52c
WT,WBF Token,0x2b81f9668f4a5fdeba51b53a759de46fb59a5c91
UICC,union raising chain,0xa39631972f19a8be52bd95455440d984f27e8f85
BAC,BAC,0x3449fc1cd036255ba1eb19d65ff4ba2b8903a69a
CHL,ChelleCoin,0x8b8e088c7ad40d70d0a8183a399c8f9c24b5c8d8
AION,AION,0x4ceda7906a5ed2179785cd3a40a69ee8bc99c466
TEL,Telcoin,0x85e076361cc813a908ff672f9bad1541474402b2
ATB,Allot Banknote,0x6c22dd71cde0af8a67e20db8c7f81d74daf48f7a
RDN,Raiden Token,0x255aa6df07540cb5d3d297f0d0d4d84cb52bc8e6
OMTM,One Metric That Matters,0xfcca0c5ccd723baf6bf7f6678c8cfb49ce0042c7
AGI,SingularityNET Token,0x8eb24319393716668d768dcec29356ae9cffe285
YUN,Yun Planet,0x1f5cfb9a00b86bf9982970382bdb900b7744a559
CNNS,Crypto Neo-value Neural System,0x6c3be406174349cfa4501654313d97e6a31072e1
XLAB,XCELTOKEN PLUS,0x8c4e7f814d40f8929f9112c5d09016f923d34472
SEDO,SEDO PoW Token,0x0f00f1696218eaefa2d2330df3d6d1f94813b38f
XB,XinBi Token,0xce43921b2fbf3c7f4cf47e28b8261e8e31bc6106
LAND,Decentraland LAND,0xf87e31492faf9a91b02ee0deaad50d51d56d5d4d
S3C,S3 COIN,0x2c702d98d4d7e2af742f071c2038565b1cc07bef
MTA,Meta,0xa3bed4e1c75d00fa6f4e5e6922db7261b5e9acd2
BLZ,Bluzelle Token,0x5732046a883704404f284ce41ffadd5b007fd668
CPT,Cryptaur,0x88d50b466be55222019d71f9e8fae17f5f45fca1
OCB,Ocbtoken - Blockmax,0x466912baa9430a4a460b141ee8c580d817441449
CHP,Poker Chips,0xf3db7560e820834658b590c96234c333cd3d5e5e
STC,StarChainToken,0x8f136cc8bef1fea4a7b71aa2301ff1a52f084384
KCS,Kucoin Shares,0x039b5649a59967e3e936d7471f9c3700100ee1ab
UBN,Ubricoin,0xdb13025b219db5e4529f48b65ff009a26b6ae733
OGN,OriginToken,0x8207c1ffc5b6804f6024322ccf34f29c3541ae26
WINGS,WINGS,0x667088b212ce3d06a1b553a7221e1fd19000d9af
BXA,BXA,0x98d8d146e644171cd47ff8588987b7bdeef72a87
STX,Stox,0x006bea43baa3f7a6f765f14f10a1a1b08334ef45
CS,CREDITS,0x46b9ad944d1059450da1163511069c718f699d31
CSCNFT,CSCNFTFactory,0x4d3814d4da8083b41861dec2f45b4840e8b72d68
RING                            ,Evolution Land Global Token     ,0x9469d013805bffb7d3debe5e7839237e535ec483
ECT,SuperEdge,0x4ccc3759eb48faf1c6cfadad2619e7038db6b212
LUC,LuckyChain,0x0c54f67490a1876ec8638ace22aad2d1ff9e245d
TTT,TTV,0x317572aabc73d59fc55f923750d1c51680fd28b4
TOPC,TopChainCoin,0x1b6c5864375b34af3ff5bd2e5f40bc425b4a8d79
YFL,YFLink,0x28cb7e841ee97947a86b06fa4090c8451f64c0be
EKT,EDUCare,0xbab165df9455aa0f2aed1f2565520b91ddadb4c8
ROSE,RoseToken,0xc24ee3a1b395c600eb74eb8293c203c123abf71f
LMM,Link Managenent Chain Token,0xe99ddae9181957e91b457e4c79a1b577e55a5742
POE,Po.et,0x0e0989b1f9b8a38983c2ba8053269ca62ec9b195
HMC,Hms Token,0xaa0bb10cec1fa372eb3abc17c933fc6ba863dd9e
DCC,Distributed Credit Chain,0xffa93aacf49297d51e211817452839052fdfb961
HPC,Hash Power Token,0x1a0c31837edb132a9312841b9527e6307db13509
HEX2T,HEX2T,0xed1199093b1abd07a368dd1c0cdc77d8517ba2a0
IPM,IPMCOIN,0xe251524df2bc0b83716749dc71975f173a5ef35c
DGD,DGD,0xe0b7927c4af23765cb51314a0e0521a9645f0e2a
HD,HyperDragons,0x7fdcd2a1e52f10c28cb7732f46393e297ecadda1
NAVI,NaviToken,0x588047365df5ba589f923604aac23d673555c623
IONC,IONChain Token,0xbc647aad10114b89564c0a7aabe542bd0cf2c5af
wNXM,Wrapped NXM,0x0d438f3b5175bebc262bf23753c1e53d03432bde
SOV,SoundMoneyCoin,0x010589b7c33034b802f7dba2c88cc9cec0f46673
EX,EXtereum,0xd1f1c5ff90fb6f3b0d57f5f6ad4aaf7400f4b39b
CS1,Crypto stamp Edition 1,0x7e789e2dd1340971de0a9bca35b14ac0939aa330
AIT,AIT,0x79650799e7899a802cb96c0bc33a6a8d4ce4936c
OM,OM Token,0x2baecdf43734f22fd5c152db08e3c27233f0c7d2
CASH,Cash,0xd5524179cb7ae012f5b642c1d6d700bbaa76b96b
CWV,CWV Chain,0xed494c9e2f8e34e53bdd0ea9b4d80305cb15c5c2
MCHE,MyCryptoHeroes:Extension,0xdceaf1652a131f32a821468dc03a92df0edd86ea
OXT,Orchid,0x4575f41308ec1483f3d399aa9a2826d74da13deb
DOCK,DockToken,0xe5dada80aa6477e85d09747f2842f7993d0df71c
AST,AirSwap Token,0x27054b13b1b798b345b591a4d22e6562d47ea75a
LINO,LinoToken,0xba51ff3802aa3170ce7ac7ac001831ca3eb6eeea
UMA,UMA Voting Token v1,0x04fa0d235c4abf4bcf4787af4cf447de572ef828
1INCH,1INCH Token,0x111111111117dc0aa78b770fa6a738034120c302
INE,IntelliShare Token,0x86e6a4f512b1290c043970b04e0b570d4fc98291
FTM,Fantom Token,0x4e15361fd6b4bb609fa63c81a2be19d873717870
DPN,DIPNET,0xfb8bf095ebcdad57d2e37573a505e7d3bafdd3cc
TREK,TrekChain,0x0cfda67b0067f1a99deb1cb80e0273a3f26d317c
EXTRA,ExTrade Cash,0x7a8f99fcaffb3d94f07ad30feade85e556205599
POK,Poker IO,0xbc8deee89f1cf4b661514185aa1ab780336c4c4a
EDS,Electronic Data Systems,0x1d4abd5e28ef311ea114fd4756fbcf9b7d568e1f
KOK,KOK Coin,0x9b9647431632af44be02ddd22477ed94d14aacaa
SE,swift express,0x5581c0bc21a762e43d148b06d310f088b6cf97b3
UTK,UTRUST Token,0x70a72833d6bf7f508c8224ce59ea1ef3d0ea3a38
YAM,YAM,0x0e2298e3b3390e3b945a5456fbf59ecc3f55da16
REP,Reputation,0x48c80f1f4d53d5951e5d5438b54cba84f29f32a5
RARI,Rarible,0xfca59cd816ab1ead66534d82bc21e7515ce441cf
QCX,QuickX Protocol,0xf9e5af7b42d31d51677c75bbbd37c1986ec79aee
3DB,3D BlockChain Token,0x11016adcb85b65a0da8d8ddc3ade69dbad6bbca4
BTA,Blockchain To Application,0xd2bd6415db70a0f0b26c973b15b63bac74f5c9c6
ADC,Android chain,0x1e41a55030e0d0794abfb6dced22e6c7d18d8247
renBTC,renBTC,0xeb4c2781e4eba804ce9a9803c67d0893436bb27d
P2T,P2 Token,0xba1f6c431cb148566c11ef9a3ca3d1fdc6a98ca0
ATCC,ATCCOIN,0xddaaf4a0702a03a4505f2352a1aba001ffc344be
MTC,Medical Token Currency,0x905e337c6c8645263d3521205aa37bf4d034e745
MCHH,MyCryptoHeroes:Hero,0x273f7f8e6489682df756151f5525576e322d51a3
VEEN,Veen,0x54f0e3b0d7ccbb65e56d166350aa86f7e71ce20b
ABT,ArcBlock,0xb98d4c97425d9908e66e53a6fdf673acca0be986
POCBGH,POC Big Gold Hammer,0xe474c6f011d3b0a9b63c2f85392c85f9bc4ef03f
NOE,NoteOfExchange,0xc55a13e36d93371a5b036a21d913a31cd2804ba4
CRE,Cybereits Token,0x61f33da40594cec1e3dc900faf99f861d01e2e7d
ST,Simple Token,0x2c4e8f2d746113d0696ce89b35f0d8bf88e0aeca
STO,STOCK,0x49a8adec52a92727f72b5ca8440b0c4379d171dc
DAC,Davinci coin,0xaad54c9f27b876d2538455dda69207279ff673a5
AUSD,AUSD,0x64cfc7428621b2b118896670c0b4d52ab020ee6a
AIDOC,AI Doctor,0x584b44853680ee34a0f337b712a8f66d816df151
HOPE,HOPE,0x458c1987ba7cb7cd101cea17c4dfc0244ed7bd37
BBC,B2BCoin,0xe7d3e4413e29ae35b0893140f4500965c74365e5
CCY,Chong Cao Yuan,0xa34d29cf8a06e8d05d22454cc33e5fbe7a3d3213
ICC,Intelligent Commerce Chain,0xedc502b12ced7e16ce21749e7161f9ed22bfca53
DNN,DNN,0x9d9832d1beb29cc949d75d61415fd00279f84dc2
SUB,Substratum,0x12480e24eb5bec1a9d4369cab6a80cad3c0a377a
LOOT156,Common Jade Box,0x6c170dc797014ea4e0900df58e4af67674ca54e8
BFDT,BFDToken,0xd2d0f85b690604c245f61513bf4679b24ed64c35
CNCC,Complete New Commerce Chain,0xbe15c4ebb73a67ddd94b83b237d2bdde5a5079ba
UNI-V2,Uniswap V2,0x0d4a11d5eeaac28ec3f61d100daf4d40471f1852
GRT,Graph Token,0xc944e90c64b2c07662a292be6244bdf05cda44a7
RNT,OneRoot Network Token,0xff603f43946a3a28df5e6a73172555d8c8b02386
BEAUTY,Beauty Coin,0xa7d81c86f9934b56dd00fa826c319330d628d31f
UNI-V2,Uniswap V2,0xa478c2975ab1ea89e8196811f51a7b7ade33eb11
IHT,I HOUSE TOKEN,0xeda8b016efa8b1161208cf041cd86972eee0f31e
LBK,lifebanK,0xf849c59fb20aa98d8a93b16f77c4e39b0ac51d5a
Trister,Trister’s Light Coin,0x9d5155fbffd5bbb7555f13819a5b435b7befdcbe
CNMC,CNMC,0x8a3e08353e3c64d9fa5683bb5e2fbbf8aef7e7e9
WPKG,WorldPoker.Game Token,0xa0c81655e84c31c4c5bd86d7f927f8cbe3c8a806
SOUL,CryptoSoul,0xbb1f24c0c1554b9990222f036b0aad6ee4caec29
EDC,EarnDefiCoin,0xae66bea480f7a6c91f07c58f2aee185883558fb8
LOC,LockChain,0x5e3346444010135322268a4630d2ed5f8d09446c
UNI-V2,Uniswap V2,0xc5be99a02c6857f9eac67bbce58df5572498f40c
SGCC,SGCC,0xec985525f3f22c7fa9c9ff4a49e37589a76d86d4
PCC,Practical Official,0xed6b0dc3aa8de5908ab857a70cb2ff657d9b6c5d
SHT, ShineLayer2Token,0xf73b1f84e0c16cd56b0fad03295213a3098de0de
HAC,HadesCoin,0x7ed172530f9822cd0573b895853e3f745f4108b4
ORBS,Orbs,0xff56cc6b1e6ded347aa0b7676c85ab0b3d08b0fa
BASE,Base Protocol,0x07150e919b4de5fd6a63de1f9384828396f25fdc
GEGO,gego.dego,0x27b4bc90fbe56f02ef50f2e2f79d7813aa8941a7
YEE,Yee ,0x922105fad8153f516bcfb829f56dc097a0e1d705
GREEN,Green,0xb2089a7069861c8d90c8da3aacab8e9188c0c531
GTC,Game.com Token,0xb70835d7822ebb9426b56543e391846c107bd32c
TRAC,Trace Token,0xaa7a9ca87d3694b5755f213b5d04094b8d0f0a6f
SAKE,SakeToken,0x066798d9ef0833ccc719076dab77199ecbd178b0
MITH,Mithril Token,0x3893b9422cd5d70a81edeffe3d5a1c6a978310bb
BID,Bidao,0x25e1474170c4c0aa64fa98123bdc8db49d7802fa
-,-,0xfac7bea255a6990f749363002136af6556b31e04
SVT,Servant,0xf915bbfbb6c097dc327e64eec55e9ef4d110d627
MFA,MFA Coin,0x64baf35b4e74d3cfa332b05b811fd86ef8b0aa57
CDT,CoinDash Token,0x177d39ac676ed1c67a2b268ad7f1e58826e5b0af
yDAI,iearn DAI,0x16de59092dae5ccf4a1e6439d611fd0653f0bd01
EMONT,EtheremonToken,0x95daaab98046846bf4b2853e23cba236fa394a31
WXB,WUXINGBI,0x572328202d37b031b490f6659d8549e7bd712324
GSC,Global Social Chain,0x228ba514309ffdf03a81a205a6d040e429d6e80c
PIN,Poolin Miner Token,0x005275450e77bfa6bcbd04d85175d5d0f2dfae43
LGR,Logarithm,0x2eb86e8fc520e0f6bb5d9af08f924fe70558ab89
BRD,Bread Token,0x558ec3152e2eb2174905cd19aea4e34a23de9ad6
FAIR,Fair Token,0x9b20dabcec77f6289113e61893f7beefaeb1990a
BCHC,BCHC,0x2ab05b915c30093679165bcdba9c26d8cd8bee99
SURF,SURF.Finance,0xea319e87cf06203dae107dd8e5672175e3ee976c
LOOT032,Gift Bag,0x9648915f9a4b6778c3d3716bc084f0a44e4cba48
SDFT,SDF Token,0xab85d25a50183fa56a5a98f644aa3a0ec9024bb9
-,-,0xbb9bc244d798123fde783fcc1c72d3bb8c189413
EDD,eddbit,0x32776933663b27ebcda98b07c4958ec74c0bafb1
MOON,MoonToken,0x68a3637ba6e75c0f66b61a42639c4e9fcd3d4824
NGC,NAGA Coin,0x72dd4b6bd852a3aa172be4d6c5a6dbec588cf131
ARP,ARP,0xbeb6fdf4ef6ceb975157be43cbe0047b248a8922
MNE,minereum,0x1a95b271b0535d15fa49932daba31ba612b52946
BDG,BitDegree Token,0x1961b3331969ed52770751fc718ef530838b6dee
WaBi,WaBi,0x286bda1413a2df81731d4930ce2f862a35a609fe
yUSDC,iearn USDC,0xd6ad7a6750a7593e092a9b218d66c0a814a3436e
TXT,Tune Trade Token,0xa57a2ad52ad6b1995f215b12fc037bffd990bc5e
CIT,CariNet Token,0xc54083e77f913a4f99e1232ae80c318ff03c9d17
VIO,Vio,0x94ffb55ce68231c5966ea8dab16a8f066846513f
DBB,Document bill bit,0x976010db5538f0c1daf9f3855b8504721a23e5d4
LLT,LLToken,0x6d5cac36c1ae39f41d52393b7a425d0a610ad9f2
LIB,TheLibertyCoin,0x1d462811562cc3675375a6d00c1618a370c27836
VGS,VGAMES,0x4c9d5672ae33522240532206ab45508116daf263
PNK,Pinakion,0x93ed3fbe21207ec2e8f2d3c3de6e058cb73bc04d
OPEN,OPEN,0x69c4bb240cf05d51eeab6985bab35527d04a8c64
AUG,AUG Coin,0xb4e9f4a0f5d91ea9ea612b5ada9b4c0904a96de0
INK,INK token,0xf4c90e18727c5c76499ea6369c856a6d61d3e92e
BEAUTY,Beauty Coin,0x0fb52add090338dda73bdb421d8ada0da57126ac
LT,Loctite Assets Token,0x48f3726c787bdc36bb00c978e701879ceed185a4
GENE,GeneToken,0xf6ec87dfe1ed3a7256cc0c38e3c8139103e9af3b
ITC,IOT on Chain,0x5e6b6d9abad9093fdc861ea1600eba1b355cd940
CAN,CanYaCoin,0x1d462414fe14cf489c7a21cac78509f4bf8cd7c0
WHOLE,Wormhole.Finance,0xe6179bb571d2d69837be731da88c76e377ec4738
GUSD,Gemini dollar,0x056fd409e1d7a124bd7017459dfea2f387b6d5cd
CANDY,CANDY,0xf2eab3a2034d3f6b63734d2e08262040e3ff7b48
INT,Internet Node Token,0x0b76544f6c413a555f309bf76260d1e02377c02a
EES,Super Energy,0x626a14ec8bb0d92692ef704f19968c20727dede1
sla,sla,0xe71377e968354013f85c597f2ed888f33778cc65
UTO,UTour,0x1a8f615f0dd39b9de8ad26db89cfa76f7c9d0274
ERC20,ERC20,0xc3761eb917cd790b30dad99f6cc5b4ff93c4f9ea
QASH,QASH,0x618e75ac90b12c6049ba3b27f5d5f8651b0037f6
WAR,WAR Token,0xda9c03dfd4d137f926c3cf6953cb951832eb08b2
BGR,Bitgram,0xd6df5935cd03a768b7b9e92637a01b25e24cb709
UBX,Ubank & X Infinity holding,0xb1dc1ca4e8d5bb705c4664c1555f7c9119ae6008
CGK,C,0xd515cfbe2c848bc9daa5460dae52425bff54e4c0
SKM,Skrumble Token,0xd99b8a7fa48e25cce83b81812220a3e03bf64e5f
WFEE,WFee,0xa37adde3ba20a396338364e2ddb5e0897d11a91d
BOC,BingoCoin,0x4b317864a05c91225ab8f401ec7be0aeb87e9c12
HBTC,Huobi BTC,0x0316eb71485b0ab14103307bf65a021042c6d380
MEET.ONE,MEET.ONE,0x49e033122c8300a6d5091acf667494466ee4a9d2
SASHIMI,SashimiToken,0xc28e27870558cf22add83540d2126da2e4b464c2
ETU,Ether Universe,0x765b0aaef0ecac2bf23065f559e5ca3b81067993
RAE,RAE Token,0xe5a3229ccb22b6484594973a03a3851dcd948756
R,R token,0x48f775efbe4f5ece6e0df2f7b5932df56823b990
SEC,SEC,0xc6689eb9a6d724b8d7b1d923ffd65b7005da1b62
AZ,Azbit,0xeccab39acb2caf9adba72c1cb92fdc106b993e0b
LBCC,Loong Money,0xaf45628ea7e0c3ffe645e7e41b0fa580d53cdd87
TNB,Time New Bank,0xf7920b0768ecb20a123fac32311d07d193381d6f
RHC,Rich Human Crypto,0x435d4183ae0aeb1babc31bd25a815d6244fc3562
FNKOS,FNKOSToken,0xeb021dd3e42dc6fdb6cde54d0c4a09f82a6bca29
ETHS,Ethercash（以太现金）,0xa2dca1505b07e39f96ce41e875b447f46d50c6fc
AUTU,AUTonioUnited States Dollar,0x829aa8e3455d0d6f18ed46121a64268ca0782465
SEAL,SEALToken,0x07bf5f95851ef2b2996f192569e406a6fea2a95a
-,-,0xb9a824e6dc289c57fac91c16c77e37666cce20e5
BKC,Bankcoin Cash,0xc88be04c809856b75e3dfe19eb4dcf0a3b15317a
CVNT,CVNToken,0x6400b5522f8d448c0803e6245436dd1c81df09ce
PAXG,Paxos Gold,0x45804880de22913dafe09f4980848ece6ecbaf78
W0xETH,Wrapped 0xEthereum Token,0x716523231368d43bdfe1f06afe1c62930731ab13
APPU,Apputoken,0x1bb877351a0c5985a53fb7ca3c38a2d5871dcc71
ETE,Eternal Token,0xbff7021e82f14aa8156c7f90ec8c339e1e2be31b
VOX,Vox.Finance,0x12d102f06da35cc0111eb58017fd2cd28537d0e1
YKC,Yun Kai Coin,0xd204616e2ecf6d0b27ee79207c4ba54f91182a9d
CREDO,Credo Token,0x4e0603e2a27a30480e5e3a4fe548e29ef12f64be
MOONDAY,moonday.finance,0x1ad606adde97c0c28bd6ac85554176bc55783c01
GMB,GMB,0xa0008f510fe9ee696e7e320c9e5cbf61e27791ee
CENNZ,Centrality Token,0x1122b6a0e00dce0563082b6e2953f3a943855c1f
WIC,WaykiCoin,0x4f878c0852722b0976a955d68b376e4cd4ae99e5
WZI,Wizzle Infinity Token,0xb8327f32127afe37a544c52b628653e222a93bad
Zild,Zild Finance Coin,0x006699d34aa3013605d468d2755a2fe59a16b12b
WTE,WITEE,0xb53ac311087965d9e085515efbe1380b2ca4de9a
CVT,CyberVeinToken,0xbe428c3867f05dea2a89fc76a102b544eac7f772
OCEAN,OceanToken,0x985dd3d42de1e256d09e1c10f112bccb8015ad41
SWRV,Swerve DAO Token,0xb8baa0e4287890a5f79863ab62b7f175cecbd433
SNM,SONM Token,0x983f6d60db79ea8ca4eb9968c6aff8cfa04b3c63
SCC,StockChain Coin,0x355a458d555151d3b27f94227960ade1504e526a
VBT,VBT Token,0x1ffe24629f1b3df74fc0f6e5d086f2fd09258ff2
GABA,Global Alliance of Cultural and Art Block Chains,0xc6cc22f88edae6667763f7745d4ecd297d535540
crvPlain3andSUSD,Curve.fi DAI/USDC/USDT/sUSD,0xc25a3a3b969415c80451098fa907ec722572917f
BCAC,BCAChain Initial Token,0x1abdb309aa592f00a101c545168bfdf9a6ec61ce
ECH,EtherEcash,0xc8ffd394421e09cb48b620dda56168171ca35ab7
AURA,Aurora DAO,0xcdcfc0f66c522fd086a1b725ea3c0eeb9f9e8814
EVX,Everex,0xf3db5fa2c66b7af3eb0c0b782510816cbe4813b8
STAMP,STAMP,0x43afc9058a3debf37eadf99138e449ce8a480a8a
ccnext,ccnextchain,0x518aaaf9af1ebaefa206574e16f61f6af9c36235
THBC,Time-Honored Brand Chain,0x04ad70466a79dd1251f22ad426248088724ff32b
GRX,Gold Reward Token,0x219218f117dc9348b358b8471c55a073e5e0da0b
TKN,Monolith TKN,0xaaaf91d9b90df800df4f55c205fd6989c977e73a
Drink,DrinkChain,0xb8105b0d4a9ae55658b418065fea4282a8d2e968
BAR,Titanium BAR Token,0xc7579bb99af590ec71c316e1ac4436c535039594
PMC,Primebank Coin,0x767588059265d2a243445dd3f23db37b96018dd5
MDT,Measurable Data Token,0x814e0908b12a99fecf5bc101bb5d0b8b5cdf7d26
R,NRC,0x7d8b9f24320dab5369144eb46927667f4a58dc49
Dogether,Dogethereum,0xb0d761755efc1a7c45391815e0057b9598ddae18
aLINK,Aave Interest bearing LINK,0xa64bd6c70cb9051f6a9ba1f163fdc07e0dfb5f84
LID,Liquidity Dividends Protocol,0x0417912b3a7af768051765040a55bb0925d4ddcf
aDAI,Aave Interest bearing DAI,0xfc1e690f61efd961294b3e1ce3313fbd8aa4f85d
SSP,smartshare token,0x624d520bab2e4ad83935fa503fb130614374e850
FREE,Free Coin,0x2f141ce366a2462f02cea3d12cf93e4dca49e4fd
yUSDT,iearn USDT,0x83f798e925bcd4017eb265844fddabb448f1707d
SPACE,Spheroid SPACE,0x7b00ae36c7485b678fe945c2dd9349eb5baf7b6b
aETH,Aave Interest bearing ETH,0x3a3a65aab0dd2a17e3f1947ba16138cd37d08c04
DRC,Dracula Token,0xb78b3320493a4efaa1028130c5ba26f0b6085ef8
YUN3,Yun Planet,0xb17e7e102e219450c2413a668e8f7ccad52deb3a
BMJ,BMJ Master Nodes,0x5913d0f34615923552ee913dbe809f9f348e706e
FUEL,Fuel Token,0xea38eaa3c86c8f9b751533ba2e562deb9acded40
CAT,BitClave ,0x68e14bb5a45b9681327e16e528084b9d962c1a39
AMP,Synereo-ERC20,0x1924c657d6a772816601fc5edf78377c23686e95
DANDY,dandy.dego,0x9dfc4b433d359024eb3e810d77d60fbe8b0d9b82
HAND,ShowHand,0x48c1b2f3efa85fbafb2ab951bf4ba860a08cdbb7
TUSD,TrueUSD,0x8dd5fbce2f6a956c3022ba3663759011dd51e73e
BCPT,BLOCKMASON CREDIT PROTOCOL TOKEN,0x1c4481750daa5ff521a2a7490d9981ed46465dbd
LIKE,LikeCoin,0x02f61fd266da6e8b102d4121f5ce7b992640cf98
NEON,NeonCoin,0xe964c79a2a6a94365c0b0c07a65f1c882e3f4059
DSC,DataShieldCoin,0xaddba95f769b5d42c02e144102817eab9d00efd3
PLBT,Polybius Token,0x0affa06e7fbe5bc9a764c979aa66e8256a631f02
ARPA,ARPA Token,0xba50933c268f567bdc86e1ac131be072c6b0b71a
HYDRO,Hydro,0xebbdf302c940c6bfd49c6b165f457fdb324649bc
BXBC,BITSDAQ CANDY,0x7eefdabcf01ea45d60b3fffca90df1a160c5311d
ETP,ENDO.network Promo Token,0xf0df09387693690b1e00d71eabf5e98e7955cff4
FCC,FinCrypChain,0xb7bbf6d2f5372022cc07b6677a9eb49ce78da8c3
UNI-V2,Uniswap V2,0xb4e16d0168e52d35cacd2c6185b44281ec28c9dc
ZZZ,zzz.finance,0xc75f15ada581219c95485c578e124df3985e4ce0
GRAM,Gram,0x82d3a142ddd44d2bd29a683f0691fbead3bccc44
CHSB,SwissBorg Token,0xba9d4199fab4f26efe3551d490e3821486f135ba
N0001,NToken0001,0x1f832091faf289ed4f50fe7418cfbd2611225d46
AWC,Atomic Wallet Token,0xad22f63404f7305e4713ccbd4f296f34770513f4
CAS,Cashaa,0xe8780b48bdb05f928697a5e8155f672ed91462f7
KEOS,KEOSToken,0xd4ae0807740df6fbaa7a258907132a2ac8d52fbc
HAV,Havven,0xf244176246168f24e3187f7288edbca29267739b
Rock2Pay,Rock2Pay,0x0e3de3b0e3d617fd8d1d8088639ba877feb4d742
IGC,IGCcoin,0x4927643162fe6d18c7f046b3d155d8da0eee80e8
EMB,Euler Money Blockchain,0x498d99de4268cebca264887f591c4ba8fac042e4
ZJLT,ZJLT Distributed Factoring Network,0xbc34985b4d345aea933d5cac19f3a86bd1fb398f
SAM,SIX FARM,0xd9dbe80995dbe64e371464b94d78baf10a694ed0
RCCC,RCCC Token,0x33bfd20660eeaf952e8d5bc3236e1918701f17d0
CHR,Chroma,0x915044526758533dfb918eceb6e44bc21632060d
OMF,OrtaMineFund,0x66668757b73deecc5d7241ea8daf39b509de3ae9
MINI,MINISWAP,0x4d953cf077c0c95ba090226e59a18fcf97db44ec
KRS,Kinguin Krowns,0xdfb410994b66778bd6cc2c82e8ffe4f7b2870006
IIC,-,0xb6f43025b29196af2dddd69b0a58afba079cd600
OSCH,OpenSourceChain Token,0xf46f98a8f6032914921ae9cfb5aaab5083bd9376
LATX,LatiumX,0x2f85e502a988af76f7ee6d83b7db8d6c0a823bf9
winethfree.com (Win ETH Free),WinETHFree,0x85332b222787eacab0fff68cf3b884798823528c
AXN,Axion,0x7d85e23014f84e6e21d5663acd8751bef3562352
MECoin,MECoin,0x33fbc07d9d9456d9e6d8316aa87792a20d3ad448
POLS,PolkastarterToken,0x83e6f1e41cdd28eaceb20cb649155049fac3d5aa
IMT,MoneyToken,0x13119e34e140097a507b07a5564bde1bc375d9e6
FDG,FDG,0x4501b184694b401b53b3a4f266f8ef24fec09df8
BOX,BOX Token,0x63f584fa56e60e4d0fe8802b27c7e6e3b33e007f
MDC,Mudan Chain,0x4df9500a02d64dcff99562ad128432832bac29a4
THE,THENODE,0xb4a677b0e363c3815d46326954a4e4d2b1ace357
GEF,Global Environment Fund,0xb7fbe91752dd926a5ea103f1b2e8b6fd2cee4d91
Dkey,Dkey,0xe498c0d37e1cab443d7f8bd74bd820bb9d5b6bd6
SLT,SimpleLife,0xd6d62024d82b5bf4fe4a9e214991743d543f1673
cDAI,Compound Dai,0xf5dce57282a584d2746faf1593d3121fcac444dc
JRT,Jarvis Reward Token,0x8a9c67fee641579deba04928c4bc45f66e26343a
COVER,Cover Protocol,0x5d8d9f5b96f4438195be9b99eee6118ed4304286
CGCX,CGCX Exchange Token,0x8b35368ccbadbfbf2d19e8d3d8e58e3ddb63853a
COFI,CoinFi,0x3136ef851592acf49ca4c825131e364170fa32b3
MyKI,KnightStory Item,0x2fb5d7dda4f1f20f974a0fdd547c38674e8d940c
QP,Quick Pay,0x0bcc5683d7704b9c50aad6759c55f9aecbfe8878
UBT,Universal Bonus Token ,0x8e4fbe2673e154fe9399166e03e18f87a5754420
MWAT,RED MWAT,0x6425c6be902d692ae2db752b3c268afadb099d3b
ALPA,AlpaToken,0x7ca4408137eb639570f8e647d9bd7b7e8717514a
VCT,ValueCyberToken,0x9746953f5b1324a78132895cfd263f417b0faae3
SNTR,Silent Notary Token,0x2859021ee7f2cb10162e67f33af2d22764b31aff
CASAS,CASAS Token,0xa6f53672a40ab4ef7ffd8497d8abb843718ecb22
NAS,Nebulas Token,0x5d65d971895edc438f465c17db6992698a52318d
DVC,Dragonvein Coin,0x194524355f26af663468d4996f207a918c73e013
FIFAmini,FIFA.win,0xc1f5ba8bab3ca299f9817876a6715627f9e2b11a
FET,Fetch,0x1d287cc25dad7ccaf76a26bc660c5f7c8e2a05bd
SMT,SmartMesh Token,0x21f15966e07a10554c364b988e91dab01d32794a
XSP,XSwap,0x9b06d48e0529ecf05905ff52dd426ebec0ea3011
IMU,IMUtoken,0xc68279ab7758e395f9285021edca7e0b43d338b7
XOR,Sora Token,0x40fd72257597aa14c7231a7b1aaa29fce868f677
PCP,PCP,0x70447f1579ec2d6007f99753427794a466c16f4d
TFT,TokenFans Token,0xe534619defdbf0caf673b8abf7158714f5bd4bd9
MET,Metronome,0xa3d58c4e56fedcae3a7c43a725aee9a71f0ece4e
-,BCG,0xa159656d4d32d4cdc40bc795978142e4b676c198
1ST,FirstBlood Token,0xaf30d2a7e90d7dc361c8c4585e9bb7d2f6f15bc7
LEN,LearnChain,0x87c9ea70f72ad55a12bc6155a30e047cf2acd798
TCASH,Tcash,0xb8742486c723793cf5162bb5d3425ed9cd73d049
yyDAI+yUSDC+yUSDT+yTUSD,yearn Curve.fi yDAI/yUSDC/yUSDT/yTUSD,0x5dbcf33d8c2e976c6b560249878e6f1491bca25c
REV,Revain,0x2ef52ed7de8c5ce03a4ef0efbe9b7450f2d7edc9
HMIO,HMIO,0x155697df0d39e18f719fa58e25a53a65ccb4864e
TRADE,UniTrade,0x6f87d756daf0503d08eb8993686c7fc01dc44fb1
MEME,MEME,0xd5525d397898e5502075ea5e830d8914f6f0affe
NANJ,NANJCOIN,0xffe02ee4c69edf1b340fcad64fbd6b37a7b9e265
CVP,Concentrated Voting Power,0x38e4adb44ef08f22f5b5b76a8f0c2d0dcbe7dca1
NOMO,Bitnomo,0xe44061f043682ff77c1d51d4e0f93ab2bb5b2ae0
VIB,Vibe,0x2c974b2d0ba1716e644c1fc59982a89ddd2ff724
RUFF,RUFF,0xf278c1ca969095ffddded020290cf8b5c424ace2
PC,PromotionCoin,0xa6714a2e5f0b1bdb97b895b0913b4fcd3a775e4d
XRT,Robonomics,0x7de91b204c1c737bcee6f000aaa6569cf7061cb7
UNI-V2,Uniswap V2,0xce84867c3c02b05dc570d0135103d3fb9cc19433
KOL,HRToken,0xb9feb59b7eb4df1d7ec129a03a15dcf271f0d795
HAKKA,Hakka Finance,0x0e29e5abbb5fd88e28b2d355774e73bd47de3bcd
COB,Cobinhood Token,0xb2f7eb1f2c37645be61d73953035360e768d81e6
REDRA,RedRabbitToken,0x7d2d8ad6d6c689b583fbd91f7b54c4395815de30
Centra,Centra token,0x96a65609a7b84e8842732deb08f56c3e21ac6f8a
TBCoin,TokenBookCoin,0x69dfcf370c5ba8959acebd0bfa229a0608961a6d
NOBS,No BS Crypto,0xf4faea455575354d2699bc209b0a65ca99f69982
NETM,NewIntelTechMedia,0xe30a76ec9168639f09061e602924ae601d341066
JLL,JLL,0x5661c46e366570360064ae1a50a17a7a1a8f3236
IBC,INFORMATION BLOCK CHAIN,0x8eff575359d56005b816028384c2b386dcb20015
IDAC,IDAC Token,0x0aad6509e9d09d2f0fdbbdb68dd9064f3f8c0417
DOKI,DokiDokiFinance,0x9ceb84f92a0561fa3cc4132ab9c0b76a59787544
CHAT,Chatcoin,0x442bc47357919446eabc18c7211e57a13d983469
BCDN,BCDN,0x1e797ce986c3cff4472f7d38d5c4aba55dfefe40
EPAY,EtherPay,0xaa1ae5e57dc05981d83ec7fca0b3c7ee2565b7d6
ODIN,OdinBrowser,0x57c8d5d5b87a1580fdaf996cef674bb0d7f14c98
ICTA,ICTA,0x9e2b209afc38b74b3278b4e3e2e61dcefc752bb2
IBC,IBCCoin,0xd937ebe98787a0037eb94efd3e107bb574bb93d3
PLX,PlexCoin,0xb3203db25a01fa7950a860b42b899ad7da52ddd6
AAC,AcuteAngleCoin,0xe75ad3aab14e4b0df8c5da4286608dabb21bd864
ZBUX,Zuck Bucks,0x7090a6e22c838469c9e67851d6489ba9c933a43f
SBT,Star Bit Token,0x503f9794d6a6bb0df8fbb19a2b3e2aeab35339ad
API3,API3,0x0b38210ea11411557c13457d4da7dc6ea731b88a
HOTC,HOTchain,0x4d09c5e758ca68be27240f29fb681e5a5341ca98
NYTR,New Currency Time Race,0x2d874077a83618aab75624cc1a4974510a0eb1ae
BQTX,BqtX Token,0x9d8be94d0612170ce533ac4d7b43cc3cd91e5a1a
JOT,Jury.Online Token,0xdb455c71c1bc2de4e80ca451184041ef32054001
YAMv2,YAMv2,0xaba8cac6866b83ae4eec97dd07ed254282f6ad8a
PPP,PayPie,0xc42209accc14029c1012fb5680d95fbd6036e2a0
LYM,Lympo tokens,0xc690f7c7fcffa6a82b79fab7508c466fefdfc8c5
YFFI,yffi.finance,0xcee1d3c3a02267e37e6b373060f79d5d7b9e1669
BNSD,bns.finance,0x668dbf100635f593a3847c0bdaf21f0a09380188
BZH,BZH TOKEN,0x3685ee91777e3ed4ba4122c429c504df833c3b26
LET,LinkEye Token,0xfa3118b34522580c35ae27f6cf52da1dbb756288
AAA,App Alliance Association,0x6aba1623ea906d1164cbb007e764ebde2514a2ba
Main,Mation Chain,0x13f6534d1847be181e6b530b307329d10467f68e
ARAW,ARAW,0x30680ac0a8a993088223925265fd7a76beb87e7f
IOEC,Internet of Everything Coin,0x507096e1c7f6b8632de56a12c74c343fca3651e4
Gene,Gene Source Code Chain,0x884181554dfa9e578d36379919c05c25dc4a15bb
SRM,Serum,0x476c5e26a75bd202a9683ffd34359c0cc15be0ff
ETW,Ether Wisdom,0x28424a18e22fcbbdc681fdee116ba451582f14fe
EDO,Eidoo Token,0xced4e93198734ddaff8492d525bd258d49eb388e
SPD,SPINDLE,0x1dea979ae76f26071870f824088da78979eb91c8
SKE,Super Keep Token,0x13db74b3cf512f65c4b91683940b4f3955e05085
FOTA,FOTA,0x4270bb238f6dd8b1c3ca01f96ca65b2647c06d3c
FSN,Fusion Token,0xd0352a019e9ab9d757776f532377aaebd36fd541
BTY,Bitay Token,0x8f2798d8a77f5d51bd9cccc17a6f0bb537da2506
BTK,BitcoinToken,0xdb8646f5b487b5dd979fac618350e85018f557d4
MIMI,MIMI,0xb9280b318a84df5891610f27625b0741951b94b4
MUSK,Musk Token,0x5003b168b457b663c3c18ffcf5b6a24bee8f59c7
ARN,Aeron,0xba5f11b16b155792cf3b2e6880e8706859a8aeb6
LAND,LAND Token,0x96c520a79bf62c955eaa044f600f67e3ecfeff52
TCASH,Tcash,0x7051620d11042c4335069aaa4f10cd3b4290c681
LAND,Sandbox's LANDs,0x50f5474724e0ee42d9a4e711ccfb275809fd6d4a
LEEK,Leek coin,0x42c41dabf7962be4f510d54aa9eb0d2240634842
NOKA,NoKiac,0x64704e92440ee2f94d2cc2f4b8b662a292cb7b3b
WHACKD,Whackd,0xcf8335727b776d190f9d15a54e6b9b9348439eee
SEN,SchrodingerEquationNet,0x10c1a125830bcfa33b7cd42a64789e135fa5c838
KAN,KAN,0x1410434b0346f5be678d0fb554e5c7ab620f8f4a
HCT,Health Chain,0x68c86ea06b8c6f2618cf680528107ef695e8dbd6
ETHBOT,Etherbots,0xd2f81cd7a20d60c0d558496c7169a20968389b40
CIBS,CIBS,0x51b4b27a7bd296fd34ca7c469f49d5bcd7fe5137
iFish,iFishYunYu,0x98b4ca8bd52e4ed1f28d3f30d9f567d1166c9483
MLN,Melon Token,0xec67005c4e498ec7f55e092bd1d35cbc47c91892
IDH,indaHash Coin,0x5136c98a80811c3f46bdda8b5c4555cfd9f812f0
REBL,Rebellious,0x5f53f7a8075614b699baad0bc2c899f4bad8fbbf
GES,Game Engine Chain,0x84d4816ffb1ae1728b378078a955209a29c08112
FAIL,FailToken,0x931a7ca74e35f35a46881a4f968d5fbd095a0279
MYX,MYX Network,0x2129ff6000b95a973236020bcd2b2006b0d8e019
TKT,TKT,0x13e9ec660d872f55405d70e5c52d872136f0970c
HUNG,Hung Flower Coin,0xf78fbcf6babc3df94b3c2d2f6dc213f695d9ef1f
VT,VectoraicToken,0x38405fa410c6eba342f9eb5ac66b2aaf6498c8e9
AZUKI,DokiDokiAzuki,0x910524678c0b1b23ffb9285a81f99c29c11cbaed
XEN,XENetwork,0x7a6542e629630a6a2c89ccce098386dcec39f6cf
PRO,ProToken,0x9041fe5b3fdea0f5e4afdc17e75180738d877a01
XFI,Xfinance,0x5befbb272290dd5b8521d4a938f6c4757742c430
ZPR,ZperToken,0xb5b8f5616fe42d5ceca3e87f3fddbdd8f496d760
KTD,Kotlind,0xd4e26b4e8e9881e8905315aba189b694f2307757
IND,Indorse Token,0xf8e386eda857484f5a12e4b5daa9984e06e73705
ETA,ETA,0x1b7ac38cb8fcdb3273e0dc8c9bb115a03247de62
OAS,OASES,0x89885fc1f76c3f4cc719640e33c315227da7003a
MFTU,MFTU,0x05d412ce18f24040bb3fa45cf2c69e506586d8e8
ADC,ACADEMICON,0x7d2624470429a4fa48f09206238749fbbb45eaa8
PAL,PolicyPal Network Token,0xfedae5642668f8636a11987ff386bfd215f942ee
CTXC,Cortex Coin,0xea11755ae41d889ceec39a63e6ff75a02bc1c00d
LOOT143,Red Envelope,0x5a2c659fd2cbaa77c3fa30c062ca7cf7f9d60460
GN,GALAXY NETWORK,0x364b810acbad792b8eeac401c7d4e5e001b92b67
BMC,BitMartToken,0x986ee2b944c42d017f52af21c4c69b84dbea35d8
FDZ,Friendz Coin,0x23352036e911a22cfc692b5e2e196692658aded9
KEY,SelfKey,0x4cc19356f2d37338b9802aa8e8fc58b0373296e7
INF,InfinitusTokens,0x00e150d741eda1d49d341189cae4c08a73a49c95
GEN,DAOstack,0x543ff227f64aa17ea132bf9886cab5db55dcaddf
ZSC,Zeus Shield Coin,0x7a41e0517a5eca4fdbc7fbeba4d4c47b9ff6dc63
RPL,Rocket Pool,0xb4efd85c19999d84251304bda99e90b92300bd93
CLEAR,CLEAR Token,0x410af23334e26aa13c1f3e630bae006bdd313264
AXPR,aXpire,0xc39e626a04c5971d770e319760d7926502975e47
UZ,游资龙虎榜,0xdc97c8a2aeb281af14a755d8f6b0c6bd7debbdf7
BUT,BitUP Token,0xb2e260f12406c401874ecc960893c0f74cd6afcd
TGC,Time Game Coin,0x8c48060e5788518cd8e7097a432f5150b92d9809
VLT,Vault,0x05f02507c7134dbae420ab8c0ef56e999b59da03
UNII,UNII,0x825130aa1beef07bdf4f389705321816d05b0d0f
SAND,SAND,0x3845badade8e6dff049820680d1f14bd3903a5d0
BORA,BORA,0x26fb86579e371c7aedc461b2ddef0a8628c93d3b
Soar,Soarcoin,0xd65960facb8e4a2dfcb2c2212cb2e44a02e2a57e
GVT,Genesis Vision Token,0x103c3a209da59d3e7c4a89307e66521e081cfdf0
BHTX,BHTX,0xb0ca787f8cf38f077e8201b05378da230a8b462f
GNX,Genaro X,0x6ec8a24cabdc339a06a172f8223ea557055adaa5
LUNA,LUNA,0xcbf2af75f33a36afa29870274c8e6893a8d0d806
SmartUp,smartup,0x78f5bbc74fb9137a75d85f3c9c3c599be49f0a56
DSCoin,DataShieldCoin,0xee395235ac363725c6b895d8994706cb7050482f
LUVI,LUVIToken,0xeefdfa0f6a921044e7901d18e6794c0a7baff4d7
YOO,Yooba token,0x1d4105534da120da243281cfc3f26aaf038e2d6f
MKT2,MakersTokenV2,0x2a46f2ffd99e19a89476e2f62270e0a35bbf0756
ABYSS,ABYSS,0x0e8d6b471e332f140e7d9dbb99e5e3822f728da6
SCL,SOCIAL,0xd7631787b4dcc87b1254cfd1e5ce48e96823dee8
IMT,Intelligent Manufacturing Chain,0x48845c3da5bb1a4060fa2cea0ad5a3ef3af9a874
yTUSD,iearn TUSD,0x73a052500105205d34daf004eab301916da8190f
EPK,ETH Player Key,0x56c438ee032224d93a5e9f182cbf4608cdfc928e
BAS,BAS,0xa7ed29b253d8b4e3109ce07c80fc570f81b63696
DAEC,DAEChain Initial Token,0x05ff5af70bd26c4cb93b4bb1028d38f1f251057b
COSM,CosmoCoin,0xc4bcd64cb216d49fd3c643a32762f34626b45a1a
findtherabbit.me,https://findtherabbit.me,0x2ff2b86c156583b1135c584fd940a1996fa4230b
ALX,ALX,0x49b127bc33ce7e1586ec28cec6a65b112596c822
AERGO,Aergo,0xae31b85bfe62747d0836b82608b4830361a3d37a
ETHPLO,ETHplode,0xe0c6ce3e73029f201e5c0bedb97f67572a93711c
AREC,Algorithms Recalculation Coin,0x563d2e0791d9c453a644c193d5a4150d69870825
INSUR,InsurChain Coin,0x6ea6531b603f270d23d9edd2d8279135dc5d6773
OKB,OKB,0x75231f58b43240c9718dd58b4967c5114342a86c
DATx,DATx,0xabbbb6447b68ffd6141da77c18c7b5876ed6c5ab
BADGER,Badger,0x3472a5a71965499acd81997a54bba8d852c6e53d
HAI,HAI,0x136723300aef2aab4b7cf52c3eaac6f997e12a68
DTMT,datumesh token,0x7a94edacea312198fba1142b3ef26bdd4f910d4c
ZCN,0chain,0xb9ef770b6a5e12e45983c5d80545258aa38f3b78
VITE,ViteToken,0x1b793e49237758dbd8b752afc9eb4b329d5da016
Yf-DAI,YfDAI.finance,0xf4cd3d3fda8d7fd6c5a500203e38640a70bf9577
Shell,shellchains.com,0x2c33f5fde437ad4c1de85d5d5cb864921ab583af
SWFTC,SwftCoin,0x0bb217e40f8a5cb79adf04e1aab60e5abd0dfc1e
APPC,AppCoins,0x1a7a8bd9106f2b8d977e08582dc7d24c723ab0db
HUSD,HUSD,0xdf574c24545e5ffecb9a659c229253d4111d87e1
NKN,NKN,0x5cf04716ba20127f1e2297addcf4b5035000c9eb
SNGLS,SingularDTV,0xaec2e87e0a235266d9c5adc9deb4b2e29b54d009
CSAC,Credit Safe Application Chain,0x93c564d4cc593867daae181eb3b494a2362b1ec5
XNK,Ink Protocol,0xbc86727e770de68b1060c91f6bb6945c73e10388
NXM,NXM,0xd7c49cee7e9188cca6ad8ff264c1da2e69d4cf3b
STRONG,Strong,0x990f341946a3fdb507ae7e52d17851b87168017c
WT,WinbitToken,0x5e2effd98b24a7fd12156c6ecf2f77cf4588b572
NAM,Nam Coin,0x05984006707585f66465e8a6505341f46b64fa7a
TCT,TokenClub Token,0x4824a7b64e3966b0133f4f4ffb1b9d6beb75fff7
DCCB,DCCB,0xdd8a513d11bd563e009f8e561c488ba7969470e1
MXC,MXCToken,0x5ca381bbfb58f0092df149bd3d243b08b9a8386e
HEGIC,Hegic,0x584bc13c7d411c00c01a62e8019472de68768430
PUN,Punch Token,0x32eb7fa944ad61b0cf093499af12f35a479315a2
IXT,iXledger,0xfca47962d45adfdfd1ab2d972315db4ce7ccf094
MDA,Moeda Loyalty Points,0x51db5ad35c671a87207d88fc11d593ac0c8415bd
FNKOS,FNKOSToken,0x0707681f344deb24184037fc0228856f2137b02e
SEOS,Smart Eye Operating System,0xc35e16a4fb05f12e3cb0253c807ee76c2833be65
CRAD,CRAD CASH,0x608f006b6813f97097372d0d31fb0f11d1ca3e4e
SDZ,SanDianZhong,0x01995786f1435743c42b7f2276c496a610b58612
NOIA,NOIA Token,0xfc858154c0b2c4a3323046fb505811f110ebda57
SOLVE,Healthcare Administration Token,0x446c9033e7516d820cc9a2ce2d0b7328b579406f
TP,Token Pay,0x2c15559489ce4034c95ef2f4923879071ec0a309
FET,fetish coin,0xefcec6d87e3ce625c90865a49f2b7482963d73fe
MTH,Monetha,0xaf4dce16da2877f8c9e00544c93b62ac40631f16
UNI-V2,Uniswap V2,0xbb2b8038a1640196fbe3e38816f3e67cba72d940
SKO,Skolkovo,0x741d63278490a33f705519cfd5c56fe470726ee8
MOS,Moses,0x420a43153da24b9e2aedcec2b8158a8653a3317e
BWX,BlueWhaleToken,0xbd168cbf9d3a375b38dc51a202b5e8a4e52069ed
LUN,Lunyr Token,0xfa05a73ffe78ef8f1a739473e462c54bae6567d9
TKC,TrackChain,0x0651842ee1f973367138cd512709d81bf8a62217
ZENAD,Zen AD Token,0x798f509bade66b9f20980abb0dcc024ca7afc530
AMPX,Amplify,0x735af341f2d9ce3663616cd84ff522dbf62fbc1f
WEU,Uzbekistan BIZ Chain,0x18de1a0a1c0a8bc315460886961ab80cb6aaeca4
SAT,Social Activity Token,0xc56b13ebbcffa67cfb7979b900b736b3fb480d78
EOCS,Ecology Optimization Conservation Super,0xf8dbfd7098c0fe93daf06006d040f45a6e4390cf
IPChain,IPChainToken,0xe12871cf4c9a64e87959c1cf7c18dca1cc2d07c6
EVA,Evangel,0x4549c04465e1a89c16d5037c962077857e3923c4
MCUX,MediChain Promo Token ,0x34e71fda469b91e7ef57738cb06cb7c120621f25
GAMC,Gambling Chain,0x496a8a1c9b3aa406a51046e64149b230ccd903a5
BasilToken,BasilNetwork,0x800e09b8e24d37ac184b8b2a81a1637fc317896e
$F,$martFund,0xed314bf44013612e8c00abd3cb6eade61cc8c72e
YANU,Yanu,0x8080b66e7505db9bd1d7bb44a7b9518754c8d26b
HMQ,Humaniq,0xcbcc0f036ed4788f63fc0fee32873d6a7487b908
Fzcoin,Frozencoin Network,0xe5aee163513119f4f750376c718766b40fa37a5f
REL,Relevant,0xb6c4267c4877bb0d6b1685cfd85b0fbe82f105ec
LBXC,LUXBIO CELL,0xffe510a92434a0df346c5e72a3494b043cf249eb
MGO,MobileGo Token,0x40395044ac3c0c57051906da938b54bd6557f212
eCell,Ethereum Cell Network,0x9b62ec1453cea5dde760aaf662048ca6eeb66e7f
PST,Primas Token,0x5d4abc77b8405ad177d8ac6682d584ecbfd46cec
EDT,Ethereum Defi Token,0x50282cc400df9e89785d12a9413044ec627ba243
EBYTE,Etherball,0xa65ee5fd259d94294c4ef030d1a62eeb465b9438
SCT,Soma Community Token,0x63b992e6246d88f07fc35a056d2c365e6d441a3d
AUC,Auctus Token,0xc12d099be31567add4e4e4d0d45691c3f58f5663
SAT,smartx,0x1f0f468ee03a6d99cd8a09dd071494a83dc1c0e5
OPENC,OPEN Chain,0x9d86b1b2554ec410eccffbf111a6994910111340
KNDC,KanadeCoin,0x8e5610ab5e39d26828167640ea29823fe1dd5843
CBR,CCBrother,0x0445ae32d33066a29e4573bf15d4a2a9690ab754
EO,EO Coin,0xd366908c2f249537f905bdae5a77272a9fbda127
SAFE,yieldfarming.insure,0x1aa61c196e76805fcbe394ea00e4ffced24fc469
CELR,CelerToken,0x4f9254c83eb525f9fcf346490bbb3ed28a81c667
LEVT,Levyte Token,0xa1d38ef843553322a338cdd7d6134565ffba97ab
BPTN,	BPTN,0x6c22b815904165f3599f0a4a092d458966bd8024
PRL,Oyster Pearl,0x1844b21593262668b7248d0f57a220caaba46ab9
ESA,Electronic Sports Alliance ESA,0xa4ba60fee8fc18a214140da7a085fff7d2628d2f
ZCO,Zebi Coin,0x2008e3057bd734e10ad13c9eae45ff132abc1722
STPT,STPT,0xde7d85157d9714eadf595045cc12ca4a5f3e2adb
VLC,Value Chain,0x8f7b0b40e27e357540f90f187d90ce06366ac5a5
CETH,Claim Everything,0x26c7bdd051318b48092390eabd1b69fce5080b25
UST,UseChainToken,0xfa55951f84bfbe2e6f95aa74b58cc7047f9f0644
TRADE,Smart Trade Coin,0x40e45890dff79e7d533797d964e64a2c0121f49a
BOOB,BooBank,0xa9c44135b3a87e0688c41cf8c27939a22dd437c9
CARD,Gods Unchained Cards,0x55de98f2141a44f804df399468cf7133b7e3e8e5
MAYA,IYMAYA,0x581bd3322a90866e5da8060b9d64d7904394ad42
RADR,RADR,0xb0f30284f3ba1a9b836eca9272db4194ece444d4
WB,Wise Blockchain,0xda2e0aa8f697db190c32034894cf9731f6619960
ETIT,ETH.TOWN Token,0x8fe19c447821b4cdcdd5012bca1b5469ca96d80d
ZLA,Zilla Token,0xfd8971d5e8e1740ce2d0a84095fca4de729d0c16
$BASED,$BASED,0x68a118ef45063051eac49c7e647ce5ace48a68a5
HEZ,HEZ,0x04cd48c02807a5b2443c6e50e274479642c41232
XAMP,Antiample,0xf911a7ec46a2c6fa49193212fe4a2a9b95851c27
SHROOM,shroom.finance,0xed0439eacf4c4965ae4613d77a5c2efe10e5f183
DOS,DOS Network Token,0x0a913bead80f321e7ac35285ee10d9d922659cb7
Atp,Atp,0x66e2e867b93fbe69f84387427d08861285a9a65a
PTI,Player Tokens,0x9d9c250311b65803c895cc77f878b8092019dedc
WT,WeToken,0xaae81c0194d6459f320b70ca0cedf88e11a242ce
LUCKY,LUCKY,0xe478d4f4a87d4d641af97ca0b5cc3db61e266357
SEC,SustainableEcologyConstructionCoin,0x30426db00a8ab29992fab730a16d26332ce0c439
OAC,Oasis Assets Coin,0x30589d7c60490c72c2452a04f4d1a95653ba056f
LFC,LiFe Chain,0x73468010efda36a42662f000fce2c2a4ef175097
ONG,onG,0xd341d1680eeee3255b8c4c75bcce7eb57f144dae
SOC,All Sports Coin,0x2d0e95bd4795d7ace0da3c0ff7b706a5970eb9d3
MESH,MeshBox,0xcf9fbffec9e0e5bbc62e79bf1965f5db76955661
YELD,YELD,0x468ab3b1f63a1c14b361bc367c3cc92277588da1
ZBC,ZBCoin,0x9443528ec80759098287a01c0856eb2cddbd19c2
UNC,UniCoin,0x4dcadd9adfd450c2ef997bb71888c2995e2d33a0
AMN,Amon,0x737f98ac8ca59f2c68ad658e3c3d8c8963e40a4c
RI,RI Token,0x37e808f084101f75783612407e7c3f5f92d8ee3f
LOOIX,LOOiX,0x56af6596f28d9e6f289521d31affdb95c412265e
GML,GMile,0x8ba49452e12449240425de9895b1aa51f5f3b90d
